herd_id,cohort,cohort_duration_days,offtake_rate,death_rate
1,FA,5000,0,0.067
1,FJ,369.9427083,0,0.28
1,FS,1546.550625,0,0.03
1,MA,5000,0,0.067
1,MJ,369.9427083,0,0.28
1,MS,1546.550625,0.496,0.03
2,FA,5000,0,0.0550086230830124
2,FJ,240,0.472824416106012,0.14983484461575
2,FS,1397.94938596346,0.472824416106012,0.0550086230830124
2,MA,1868.50818192996,0,0.0550086230830124
2,MJ,240,0.677849857430595,0.20918412659019
2,MS,1397.94938596346,0.677849857430595,0.0550086230830124
