herd_id,cohort,duration,offtake_rate
1,FA,5000,0
1,FJ,369.9427083,0
1,FS,1546.550625,0
1,MA,5000,0
1,MJ,369.9427083,0
1,MS,1546.550625,0.496
2,FA,5000,0
2,FJ,240,0.472824416106012
2,FS,1397.94938596346,0.472824416106012
2,MA,1868.50818192996,0
2,MJ,240,0.677849857430595
2,MS,1397.94938596346,0.677849857430595
