herd_id,parturition_rate,litter_size,birth_fraction_female,herd_size_total
1,1.893890076,1,0.5,3059840
2,1.620475716,1,0.5,7363149
3,1.5,1.5,0.5,500000
4,1.6,1.6,0.5,400000
5,0.6,1,0.5,200000
6,2.2,10,0.5,150000
