herd_id	species_short	cohort_stock_fem_annual_nondemo	cohort_stock_mal_annual_nondemo	rest_between_nondemo_cycles_duration	phase1_nondemo_fem_duration_days	phase2_nondemo_fem_duration_days	phase1_nondemo_mal_duration_days	phase2_nondemo_mal_duration_days
1	CTL	0	122282.545400456	20			60	120
9	PGS	1683739.0779162	345303.817444779	20	60	110	60	100
10	PGS	941.412282898391	34.7778051130104	20	90	180	90	180
14	CHK	468457.200801655	0	14	60	365		
15	CHK	1014956.25498206	1227598.78218597	7	21	21	21	21
